match_id,tournament,stage,matchday,date,team,opponent,is_home,goals_for,goals_against,result,winner,possession,opponent_possession,shots,opponent_shots,shots_on_target,opponent_shots_on_target,fouls,opponent_fouls,yellow_cards,opponent_yellow_cards,red_cards,opponent_red_cards,blocked_shots,opponent_blocked_shots,saves,opponent_saves,passes,opponent_passes,chances_created,opponent_chances_created,accurate_crosses,opponent_accurate_crosses,corners,opponent_corners,free_kicks,opponent_free_kicks,offsides,opponent_offsides,goal_kicks,opponent_goal_kicks,throw_ins,opponent_throw_ins,shot_accuracy,opponent_shot_accuracy,goal_conversion,opponent_goal_conversion,pass_differential,possession_differential,shots_differential,shots_on_target_differential,yellow_card_differential,red_card_differential,form_last_5,matches_played_2026,wins_2026,draws_2026,losses_2026,goals_for_2026,goals_against_2026,clean_sheets_2026,btts_2026,over_2_5_2026,under_2_5_2026,scored_2plus_2026,conceded_2plus_2026,avg_goals_scored_last_5,avg_goals_conceded_last_5,pre_match_indicators,source_type,big_chances_created,opponent_big_chances_created,big_chances_scored,opponent_big_chances_scored,chances_created_differential,foul_differential,world_cup_points_after_match,cross_differential,corner_differential,recent_form_wins_last_5,recent_form_draws_last_5,recent_form_losses_last_5,recent_form_goals_for_last_5,recent_form_goals_against_last_5,recent_form_points_last_5,recent_form_clean_sheets_last_5,recent_form_scored_in_matches_last_5,recent_form_failed_to_score_last_5,recent_form_over_2_5_last_5,recent_form_under_2_5_last_5
MEXICO_SOUTHAFRICA_2026_06_11,FIFA World Cup 2026,Group Stage,1,2026-06-11,Mexico,South Africa,1,2,0,win,Mexico,60,39,16,3,4,2,12,11,1,2,1,2,5,0,2,2,520,334,13,2,12,8,3,1,11,11,1,1,5,8,21,11,0.25,0.67,0.125,0.0,186,21,13,2,-1,-1,W-W-W-D-W,6,5,1,0,10,3,4,2,2,4,4,1,1.40,0.20,Won previous 3 matches; Scored in previous 4 matches,manual_curated,,,,,,,,,,4,1,0,7,1,13,4,4,1,2,3
MEXICO_SOUTHAFRICA_2026_06_11,FIFA World Cup 2026,Group Stage,1,2026-06-11,South Africa,Mexico,0,0,2,loss,Mexico,39,60,3,16,2,4,11,12,2,1,2,1,0,5,2,2,334,520,2,13,8,12,1,3,11,11,1,1,8,5,11,21,0.67,0.25,0.0,0.125,-186,-21,-13,-2,1,1,L-W-L-W-W,10,6,2,2,22,11,3,6,7,3,7,4,1.80,1.20,Scored in 5 of last 7 matches,manual_curated,,,,,,,,,,3,0,2,9,6,9,,,,,
SOUTHKOREA_CZECHIA_2026_06_11,FIFA World Cup 2026,Group Stage,1,2026-06-11,South Korea,Czechia,1,2,1,win,South Korea,62,38,15,7,6,4,9,16,1,0,0,0,4,0,3,4,541,324,14,3,12,15,4,5,16,9,2,2,4,8,26,16,0.40,0.57,0.133,0.143,217,24,8,2,1,0,L-W-W-W-W,16,11,5,0,40,8,9,7,8,8,10,1,2.20,0.20,,manual_curated,3,1,2,1,11,-7,3,,,4,0,1,11,1,12,4,4,1,2,3
SOUTHKOREA_CZECHIA_2026_06_11,FIFA World Cup 2026,Group Stage,1,2026-06-11,Czechia,South Korea,0,1,2,loss,South Korea,38,62,7,15,4,6,16,9,0,1,0,0,0,4,4,3,324,541,3,14,15,12,5,4,9,16,2,2,8,4,16,26,0.57,0.40,0.143,0.133,-217,-24,-8,-2,-1,0,D-D-W-L-D,10,7,1,2,22,12,5,5,7,3,7,4,2.20,1.20,,manual_curated,1,3,1,2,-11,7,0,,,1,3,1,11,6,6,2,4,1,4,1
CANADA_BOSNIA_2026_06_12,FIFA World Cup 2026,Group Stage,1,2026-06-12,Canada,Bosnia and Herzegovina,1,1,1,draw,Draw,61,39,13,8,4,3,10,20,2,3,0,0,4,1,2,1,417,268,12,5,24,10,9,4,20,10,1,0,7,9,32,26,0.308,0.375,0.077,0.125,149,22,5,1,-1,0,D-W-D-W-D,,,,,,,,,,,,,,,,manual_curated,1,1,,,7,-10,1,14,5,2,3,0,11,3,9,,,,,
CANADA_BOSNIA_2026_06_12,FIFA World Cup 2026,Group Stage,1,2026-06-12,Bosnia and Herzegovina,Canada,0,1,1,draw,Draw,39,61,8,13,3,4,20,10,3,2,0,0,1,4,1,2,268,417,5,12,10,24,4,9,10,20,0,1,9,7,26,32,0.375,0.308,0.125,0.077,-149,-22,-5,-1,1,0,D-D-D-W-D,,,,,,,,,,,,,,,,manual_curated,1,1,,,-7,10,1,-14,-5,1,4,0,7,5,7,,,,,
USA_PARAGUAY_2026_06_12,FIFA World Cup 2026,Group Stage,1,2026-06-12,United States,Paraguay,1,4,1,win,United States,65,35,16,9,6,1,13,17,1,5,0,0,4,5,0,3,598,319,12,7,19,5,3,1,16,13,2,1,3,7,23,17,0.375,0.111,0.250,0.111,279,30,7,5,-4,0,L-W-D-W-W,,,,,,,,,,,,,1.60,1.20,Avg goals scored last 5 matches: 1.60; Avg goals conceded last 5 matches: 1.20; Conceded in last 8 matches; Scored in 8 of last 10 matches,manual_curated,3,1,2,1,5,-4,3,14,2,3,1,1,8,6,10,1,5,0,4,1
USA_PARAGUAY_2026_06_12,FIFA World Cup 2026,Group Stage,1,2026-06-12,Paraguay,United States,0,1,4,loss,United States,35,65,9,16,1,6,17,13,5,1,0,0,5,4,3,0,319,598,7,12,5,19,1,3,13,16,1,2,7,3,17,23,0.111,0.375,0.111,0.250,-279,-30,-7,-5,4,0,W-D-L-W-D,,,,,,,,,,,,,1.00,0.60,Avg goals scored last 5 matches: 1.00; Avg goals conceded last 5 matches: 0.60; Scored in 4 of last 5 matches,manual_curated,1,3,1,2,-5,4,0,-14,-2,2,2,1,5,3,8,3,4,1,2,3
QATAR_SWITZERLAND_2026_06_13,FIFA World Cup 2026,Group Stage,1,2026-06-13,Qatar,Switzerland,1,1,1,draw,Draw,32,68,6,26,3,7,12,11,2,1,0,0,0,9,5,3,278,576,4,24,9,35,3,10,11,12,0,1,12,5,14,17,0.500,0.269,0.167,0.038,-298,-36,-20,-4,1,0,W-D-L-W-L,18,10,3,5,37,28,5,11,15,3,10,7,0.80,1.40,,manual_curated,,,,,-20,1,1,-26,-7,2,1,2,4,7,7,2,3,2,3,2
QATAR_SWITZERLAND_2026_06_13,FIFA World Cup 2026,Group Stage,1,2026-06-13,Switzerland,Qatar,0,1,1,draw,Draw,68,32,26,6,7,3,11,12,1,2,0,0,9,0,3,5,576,278,24,4,35,9,10,3,12,11,1,0,5,12,17,14,0.269,0.500,0.038,0.167,298,36,20,4,-1,0,D-W-D-W-W,6,4,2,0,14,2,4,2,3,3,4,0,2.00,0.40,,manual_curated,,,,,20,-1,1,26,7,3,2,0,10,2,11,3,4,1,2,3
BRAZIL_MOROCCO_2026_06_13,FIFA World Cup 2026,Group Stage,1,2026-06-13,Brazil,Morocco,1,1,1,draw,Draw,51,49,12,14,5,3,16,14,2,0,0,0,3,6,2,4,514,486,10,10,16,15,6,2,14,16,0,1,4,4,17,13,0.417,0.214,0.083,0.071,28,2,-2,2,2,0,L-W-W-D-L,18,8,4,6,24,17,6,8,7,11,5,3,1.00,1.00,Won previous 3 matches; Scored in previous 8 matches; Avg goals scored last 5 matches: 1.00; Avg goals conceded last 5 matches: 1.00; Conceded in last 5 matches,manual_curated,,,,,0,2,1,1,4,2,1,2,5,5,7,3,3,2,2,3
BRAZIL_MOROCCO_2026_06_13,FIFA World Cup 2026,Group Stage,1,2026-06-13,Morocco,Brazil,0,1,1,draw,Draw,49,51,14,12,3,5,14,16,0,2,0,0,6,3,4,2,486,514,10,10,15,16,2,6,16,14,1,0,4,4,13,17,0.214,0.417,0.071,0.083,-28,-2,2,-2,-2,0,D-W-W-W-D,8,8,0,0,22,2,6,2,4,4,7,0,1.40,0.20,Unbeaten in last 22 matches; Scored in 4 of last 5 matches; Avg goals scored last 5 matches: 1.40; Avg goals conceded last 5 matches: 0.20,manual_curated,,,,,0,-2,1,-1,-4,3,2,0,7,1,11,4,4,1,1,4
HAITI_SCOTLAND_2026_06_13,FIFA World Cup 2026,Group Stage,1,2026-06-13,Haiti,Scotland,1,0,1,loss,Scotland,54,46,15,9,2,2,23,21,1,3,0,0,4,2,1,2,431,374,11,7,23,14,4,3,21,22,3,1,7,13,14,23,0.133,0.222,0.000,0.111,57,8,6,0,-2,0,W-W-L-W-D,10,6,2,2,20,13,5,4,7,3,6,3,1.80,1.20,,manual_curated,,,,,4,2,0,9,1,3,1,1,9,6,10,3,4,1,3,2
HAITI_SCOTLAND_2026_06_13,FIFA World Cup 2026,Group Stage,1,2026-06-13,Scotland,Haiti,0,1,0,win,Scotland,46,54,9,15,2,2,21,23,3,1,0,0,2,4,2,1,374,431,7,11,14,23,3,4,22,21,1,3,13,7,23,14,0.222,0.133,0.111,0.000,-57,-8,-6,0,2,0,W-L-W-W-W,6,4,1,1,13,7,2,4,4,2,5,2,2.60,1.40,,manual_curated,,,,,-4,-2,3,-9,-1,4,0,1,13,7,12,1,5,0,4,1
AUSTRALIA_TURKEY_2026_06_13,FIFA World Cup 2026,Group Stage,1,2026-06-13,Australia,Turkey,1,2,0,win,Australia,28,72,9,30,4,8,12,4,0,1,0,0,1,12,8,2,271,704,8,20,14,26,5,8,4,12,1,3,17,6,14,24,0.444,0.267,0.222,0.000,-433,-44,-21,-4,-1,0,W-W-W-W-D,16,11,4,1,38,7,10,5,7,9,10,1,2.40,0.80,,manual_curated,1,2,,,-12,8,3,-12,-3,4,1,0,12,4,13,3,5,0,4,1
AUSTRALIA_TURKEY_2026_06_13,FIFA World Cup 2026,Group Stage,1,2026-06-13,Turkey,Australia,0,0,2,loss,Australia,72,28,30,9,8,4,4,12,1,0,0,0,12,1,2,8,704,271,20,8,26,14,8,5,12,4,3,1,6,17,24,14,0.267,0.444,0.000,0.222,433,44,21,4,1,0,W-W-D-W-W,8,6,1,1,19,12,3,4,5,3,5,3,2.00,0.60,,manual_curated,2,1,,,12,-8,0,12,3,4,1,0,10,3,13,3,5,0,2,3
GERMANY_CURACAO_2026_06_14,FIFA World Cup 2026,Group Stage,1,2026-06-14,Germany,Curacao,1,7,1,win,Germany,65,35,26,8,12,2,18,11,0,0,0,0,8,0,1,4,637,343,21,6,12,7,8,1,10,18,0,1,7,11,17,9,0.462,0.250,0.269,0.125,294,30,18,10,0,0,W-W-W-W-W,6,5,0,1,16,3,4,1,3,3,4,1,3.20,0.20,,manual_curated,,,,,15,7,3,5,7,5,0,0,16,1,15,4,5,0,3,2
GERMANY_CURACAO_2026_06_14,FIFA World Cup 2026,Group Stage,1,2026-06-14,Curacao,Germany,0,1,7,loss,Germany,35,65,8,26,2,12,11,18,0,0,0,0,0,8,4,1,343,637,6,21,7,12,1,8,18,10,1,0,11,7,9,17,0.250,0.462,0.125,0.269,-294,-30,-18,-10,0,0,D-W-D-W-W,10,7,3,0,28,5,6,4,5,5,7,1,2.60,0.60,,manual_curated,,,,,-15,-7,0,-5,-7,3,2,0,13,3,11,3,4,1,3,2
IVORY_COAST_ECUADOR_2026_06_14,FIFA World Cup 2026,Group Stage,1,2026-06-14,Ivory Coast,Ecuador,1,1,0,win,Ivory Coast,48,52,15,12,4,1,10,13,3,1,0,0,3,3,1,3,470,492,12,9,8,14,3,6,13,9,0,0,10,11,14,14,0.267,0.083,0.067,0.000,-22,-4,3,3,2,0,,10,8,2,0,25,0,10,0,3,7,4,0,,,,manual_curated,1,1,,,3,-3,3,-6,-3,,,,,,,,,,,
IVORY_COAST_ECUADOR_2026_06_14,FIFA World Cup 2026,Group Stage,1,2026-06-14,Ecuador,Ivory Coast,0,0,1,loss,Ivory Coast,52,48,12,15,1,4,13,10,1,3,0,0,3,3,3,1,492,470,9,12,14,8,6,3,9,13,0,0,11,10,14,14,0.083,0.267,0.000,0.067,22,4,-3,-3,-2,0,W-D-D-D-D,18,8,8,2,14,5,13,3,4,14,4,0,0.20,0.00,,manual_curated,1,1,,,-3,3,0,6,3,1,4,0,1,0,7,5,1,4,0,5
NETHERLANDS_JAPAN_2026_06_14,FIFA World Cup 2026,Group Stage,1,2026-06-14,Netherlands,Japan,1,2,2,draw,Draw,60,40,10,10,6,3,7,7,3,0,0,0,1,1,1,4,524,341,10,10,21,23,5,4,6,7,1,0,9,7,21,19,0.600,0.300,0.200,0.200,183,20,0,3,3,0,W-D-W-W-W,8,6,2,0,27,4,5,3,5,3,6,1,3.20,0.60,,manual_curated,,,,,0,0,1,-2,1,4,1,0,16,3,13,3,5,0,4,1
NETHERLANDS_JAPAN_2026_06_14,FIFA World Cup 2026,Group Stage,1,2026-06-14,Japan,Netherlands,0,2,2,draw,Draw,40,60,10,10,3,6,7,7,0,3,0,0,1,1,4,1,341,524,10,10,23,21,4,5,7,6,0,1,7,9,19,21,0.300,0.600,0.200,0.200,-183,-20,0,-3,-3,0,W-W-W-W-L,15,12,2,1,51,3,12,2,9,6,11,0,3.00,0.40,,manual_curated,,,,,0,0,1,2,-1,4,0,1,15,2,12,3,4,1,2,3
SWEDEN_TUNISIA_2026_06_14,FIFA World Cup 2026,Group Stage,1,2026-06-14,Sweden,Tunisia,1,5,1,win,Sweden,49,51,13,6,7,2,10,8,0,1,0,0,3,1,1,1,356,371,11,4,12,13,4,2,8,8,3,6,6,10,18,17,0.538,0.333,0.385,0.167,-15,-2,7,5,-1,0,,,,,,,,,,,,,,,,,manual_curated,,,,,7,2,3,-1,2,,,,,,,,,,,
SWEDEN_TUNISIA_2026_06_14,FIFA World Cup 2026,Group Stage,1,2026-06-14,Tunisia,Sweden,0,1,5,loss,Sweden,51,49,6,13,2,7,8,10,1,0,0,0,1,3,1,1,371,356,4,11,13,12,2,4,8,8,6,3,10,6,17,18,0.333,0.538,0.167,0.385,15,2,-7,-5,1,0,D-D-L-W-W,,,,,,,,,,,,,2.00,1.20,,manual_curated,,,,,-7,-2,0,1,-2,2,2,1,10,6,8,1,5,0,3,2
SPAIN_CAPE_VERDE_2026_06_15,FIFA World Cup 2026,Group Stage,1,2026-06-15,Spain,Cape Verde,1,0,0,draw,Draw,74,26,27,6,7,1,10,1,1,1,0,0,8,2,1,7,800,278,19,4,36,4,11,1,1,9,2,3,5,14,18,14,0.259,0.167,0.000,0.000,522,48,21,6,0,0,D-W-W-W-W,6,5,1,0,21,2,5,1,5,1,6,0,3.60,0.40,,manual_curated,2,1,,,15,9,1,32,10,4,1,0,18,2,13,4,5,0,4,1
SPAIN_CAPE_VERDE_2026_06_15,FIFA World Cup 2026,Group Stage,1,2026-06-15,Cape Verde,Spain,0,0,0,draw,Draw,26,74,6,27,1,7,1,10,1,1,0,0,2,8,7,1,278,800,4,19,4,36,1,11,9,1,3,2,14,5,14,18,0.167,0.259,0.000,0.000,-522,-48,-21,-6,0,0,W-D-W-W-W,10,7,2,1,16,8,7,3,4,6,5,2,2.20,0.80,,manual_curated,1,2,,,-15,-9,1,-32,-10,4,1,0,11,4,13,2,5,0,3,2
BELGIUM_EGYPT_2026_06_15,FIFA World Cup 2026,Group Stage,1,2026-06-15,Belgium,Egypt,1,1,1,draw,Draw,54,46,15,14,3,3,15,15,2,2,0,0,5,7,2,3,455,398,13,10,16,13,2,7,15,14,0,1,1,12,28,19,0.200,0.214,0.067,0.071,57,8,1,0,0,0,,8,5,3,0,29,7,4,4,5,3,5,2,,,,manual_curated,2,1,,,3,0,1,3,-5,,,,,,,,,,,
BELGIUM_EGYPT_2026_06_15,FIFA World Cup 2026,Group Stage,1,2026-06-15,Egypt,Belgium,0,1,1,draw,Draw,46,54,14,15,3,3,15,15,2,2,0,0,7,5,3,2,398,455,10,13,13,16,7,2,14,15,1,0,12,1,19,28,0.214,0.200,0.071,0.067,-57,-8,-1,0,0,0,D-L-W-W-D,10,8,2,0,20,2,8,2,3,7,6,0,1.20,0.80,,manual_curated,1,2,,,-3,0,1,-3,5,2,2,1,6,4,8,2,3,2,2,3
SAUDI_ARABIA_URUGUAY_2026_06_15,FIFA World Cup 2026,Group Stage,1,2026-06-15,Saudi Arabia,Uruguay,1,1,1,draw,Draw,33,67,7,27,3,10,11,6,1,0,0,0,1,7,9,2,322,612,1,19,6,47,4,14,6,11,0,6,10,3,18,20,0.429,0.370,0.143,0.037,-290,-34,-20,-7,1,0,D-W-L-D-L,18,8,6,4,22,13,10,6,6,12,6,5,0.80,1.20,,manual_curated,1,1,,,-18,5,1,-41,-10,1,2,2,4,6,5,1,2,3,1,4
SAUDI_ARABIA_URUGUAY_2026_06_15,FIFA World Cup 2026,Group Stage,1,2026-06-15,Uruguay,Saudi Arabia,0,1,1,draw,Draw,67,33,27,7,10,3,6,11,0,1,0,0,7,1,2,9,612,322,19,1,47,6,14,4,11,6,6,0,3,10,20,18,0.370,0.429,0.037,0.143,290,34,20,7,-1,0,D-W-W-L-D,18,7,7,4,22,12,10,5,6,12,8,4,1.00,0.40,,manual_curated,1,1,,,18,-5,1,41,10,2,2,1,5,2,8,4,2,3,2,3
IRAN_NEW_ZEALAND_2026_06_15,FIFA World Cup 2026,Group Stage,1,2026-06-15,Iran,New Zealand,1,2,2,draw,Draw,48,51,17,14,4,8,10,8,1,0,0,0,5,2,6,2,409,446,11,9,19,12,4,1,8,10,2,0,4,11,25,16,0.235,0.571,0.118,0.143,-37,-3,3,-4,1,0,,16,11,4,1,35,12,9,6,9,7,10,5,,,,manual_curated,1,2,2,2,2,2,1,7,3,,,,,,,,,,,
IRAN_NEW_ZEALAND_2026_06_15,FIFA World Cup 2026,Group Stage,1,2026-06-15,New Zealand,Iran,0,2,2,draw,Draw,51,48,14,17,8,4,8,10,0,1,0,0,2,5,2,6,446,409,9,11,12,19,1,4,10,8,0,2,11,4,16,25,0.571,0.235,0.143,0.118,37,3,-3,4,-1,0,W-W-W-W-W,5,5,0,0,29,1,4,1,5,0,5,0,5.80,0.20,,manual_curated,2,1,2,2,-2,-2,1,-7,-3,5,0,0,29,1,15,4,5,0,5,0
FRANCE_SENEGAL_2026_06_16,FIFA World Cup 2026,Group Stage,1,2026-06-16,France,Senegal,1,3,1,win,France,53,47,11,6,8,2,5,9,0,0,0,0,2,1,2,5,575,502,9,5,9,9,6,4,8,5,1,3,7,4,9,21,0.727,0.333,0.273,0.167,73,6,5,6,0,0,,6,5,1,0,16,4,3,3,5,1,6,1,,,Unbeaten last 12 reference: 10; Avg goals last 5: 2.80; Avg goals against last 5: 0.80,manual_curated,4,1,,,4,-4,3,0,2,,,,,,,,,,,
FRANCE_SENEGAL_2026_06_16,FIFA World Cup 2026,Group Stage,1,2026-06-16,Senegal,France,0,1,3,loss,France,47,53,6,11,2,8,9,5,0,0,0,0,1,2,5,2,502,575,5,9,9,9,4,6,5,8,3,1,4,7,21,9,0.333,0.727,0.167,0.273,-73,-6,-5,-6,0,0,W-W-W-W-D,10,7,3,0,22,3,8,2,4,6,6,1,1.80,0.40,Unbeaten last 12 reference: 10; Avg goals last 5: 1.80; Avg goals against last 5: 0.40,manual_curated,1,4,,,-4,4,0,0,-2,4,1,0,9,2,13,3,5,0,2,3
IRAQ_NORWAY_2026_06_16,FIFA World Cup 2026,Group Stage,1,2026-06-16,Iraq,Norway,1,1,4,loss,Norway,39,61,11,12,1,5,12,13,1,0,0,0,2,3,2,0,333,536,8,9,13,17,2,5,13,11,1,0,10,9,14,22,0.091,0.417,0.091,0.333,-203,-22,-1,-4,1,0,W-W-D-D-W,21,13,5,3,32,14,12,8,8,13,8,4,1.20,0.40,,manual_curated,1,2,,,-1,-1,0,-4,-3,3,2,0,6,2,11,2,4,0,2,3
IRAQ_NORWAY_2026_06_16,FIFA World Cup 2026,Group Stage,1,2026-06-16,Norway,Iraq,0,4,1,win,Norway,61,39,12,11,5,1,13,12,0,1,0,0,3,2,0,2,536,333,9,8,17,13,5,2,11,13,0,1,9,10,22,14,0.417,0.091,0.333,0.091,203,22,1,4,-1,0,W-W-W-W-W,8,8,0,0,37,5,4,4,7,1,7,1,5.00,0.60,,manual_curated,2,1,,,1,1,3,4,3,5,0,0,25,3,15,2,5,0,4,1
ARGENTINA_ALGERIA_2026_06_16,FIFA World Cup 2026,Group Stage,1,2026-06-16,Argentina,Algeria,1,3,0,win,Argentina,48,52,10,7,6,0,13,8,0,0,0,0,0,3,0,3,563,608,7,6,5,8,2,2,7,13,3,1,6,4,12,19,0.600,0.000,0.300,0.000,-45,-4,3,6,0,0,L-W-D-W-W,18,12,2,4,31,10,11,5,7,11,6,3,1.80,0.60,,manual_curated,,,,,1,5,3,-3,0,3,1,1,9,3,10,2,4,1,2,3
ARGENTINA_ALGERIA_2026_06_16,FIFA World Cup 2026,Group Stage,1,2026-06-16,Algeria,Argentina,0,0,3,loss,Argentina,52,48,7,10,0,6,8,13,0,0,0,0,3,0,3,0,608,563,6,7,8,5,2,2,13,7,1,3,4,6,19,12,0.000,0.600,0.000,0.300,45,4,-3,-6,0,0,L-W-W-W-W,10,8,1,1,24,8,3,7,8,2,8,1,1.60,0.60,,manual_curated,,,,,-1,-5,0,3,0,4,0,1,8,3,12,3,4,1,2,3
