match_id,date,minute,team,player,assist,home_team,away_team,source_type
MEXICO_SOUTHAFRICA_2026_06_11,2026-06-11,9,Mexico,Julian Quinones,Erik Lira,Mexico,South Africa,manual_curated
MEXICO_SOUTHAFRICA_2026_06_11,2026-06-11,67,Mexico,Raul Jimenez,Roberto Alvarado,Mexico,South Africa,manual_curated
SOUTHKOREA_CZECHIA_2026_06_11,2026-06-11,59,Czechia,Ladislav Krejci,Vladimir Coufal,South Korea,Czechia,manual_curated
SOUTHKOREA_CZECHIA_2026_06_11,2026-06-11,67,South Korea,Hwang In-beom,Lee Kang-in,South Korea,Czechia,manual_curated
SOUTHKOREA_CZECHIA_2026_06_11,2026-06-11,80,South Korea,Oh Hyeon-gyu,Hwang In-beom,South Korea,Czechia,manual_curated
CANADA_BOSNIA_2026_06_12,2026-06-12,21,Bosnia and Herzegovina,Jovo Lukic,Sead Kolasinac,Canada,Bosnia and Herzegovina,manual_curated
CANADA_BOSNIA_2026_06_12,2026-06-12,78,Canada,Cyle Larin,Jonathan David,Canada,Bosnia and Herzegovina,manual_curated
USA_PARAGUAY_2026_06_12,2026-06-12,7,United States,Bobadilla (Own Goal),,United States,Paraguay,manual_curated
USA_PARAGUAY_2026_06_12,2026-06-12,31,United States,Folarin Balogun,Christian Pulisic,United States,Paraguay,manual_curated
USA_PARAGUAY_2026_06_12,2026-06-12,45+5,United States,Folarin Balogun,Malik Tillman,United States,Paraguay,manual_curated
USA_PARAGUAY_2026_06_12,2026-06-12,73,Paraguay,Mauricio,Julio Enciso,United States,Paraguay,manual_curated
USA_PARAGUAY_2026_06_12,2026-06-12,90+8,United States,Giovanni Reyna,Alexander Freeman,United States,Paraguay,manual_curated
QATAR_SWITZERLAND_2026_06_13,2026-06-13,17,Switzerland,Breel Embolo,Penalty,Qatar,Switzerland,manual_curated
QATAR_SWITZERLAND_2026_06_13,2026-06-13,90+4,Qatar,Miro Muheim (Own Goal),,Qatar,Switzerland,manual_curated
BRAZIL_MOROCCO_2026_06_13,2026-06-13,21,Morocco,Ismael Saibari,Brahim Diaz,Brazil,Morocco,manual_curated
BRAZIL_MOROCCO_2026_06_13,2026-06-13,32,Brazil,Vinicius Junior,Bruno Guimaraes,Brazil,Morocco,manual_curated
HAITI_SCOTLAND_2026_06_13,2026-06-13,28,Scotland,John McGinn,,Haiti,Scotland,manual_curated
AUSTRALIA_TURKEY_2026_06_13,2026-06-13,27,Australia,Nestory Irankunda,Paul Okon-Engstler,Australia,Turkey,manual_curated
AUSTRALIA_TURKEY_2026_06_13,2026-06-13,75,Australia,Connor Metcalfe,,Australia,Turkey,manual_curated
GERMANY_CURACAO_2026_06_14,2026-06-14,6,Germany,Felix Nmecha,Florian Wirtz,Germany,Curacao,manual_curated
GERMANY_CURACAO_2026_06_14,2026-06-14,21,Curacao,Livano Comenencia,,Germany,Curacao,manual_curated
GERMANY_CURACAO_2026_06_14,2026-06-14,38,Germany,Nico Schlotterbeck,Nathaniel Brown,Germany,Curacao,manual_curated
GERMANY_CURACAO_2026_06_14,2026-06-14,45+5,Germany,Kai Havertz,Penalty,Germany,Curacao,manual_curated
GERMANY_CURACAO_2026_06_14,2026-06-14,47,Germany,Jamal Musiala,Joshua Kimmich,Germany,Curacao,manual_curated
GERMANY_CURACAO_2026_06_14,2026-06-14,68,Germany,Nathaniel Brown,Deniz Undav,Germany,Curacao,manual_curated
GERMANY_CURACAO_2026_06_14,2026-06-14,78,Germany,Deniz Undav,Joshua Kimmich,Germany,Curacao,manual_curated
GERMANY_CURACAO_2026_06_14,2026-06-14,88,Germany,Kai Havertz,Deniz Undav,Germany,Curacao,manual_curated
IVORY_COAST_ECUADOR_2026_06_14,2026-06-14,90,Ivory Coast,Amad Diallo,Wilfried Singo,Ivory Coast,Ecuador,manual_curated
NETHERLANDS_JAPAN_2026_06_14,2026-06-14,51,Netherlands,Virgil van Dijk,Ryan Gravenberch,Netherlands,Japan,manual_curated
NETHERLANDS_JAPAN_2026_06_14,2026-06-14,57,Japan,Keito Nakamura,Takefusa Kubo,Netherlands,Japan,manual_curated
NETHERLANDS_JAPAN_2026_06_14,2026-06-14,64,Netherlands,Crysencio Summerville,Ryan Gravenberch,Netherlands,Japan,manual_curated
NETHERLANDS_JAPAN_2026_06_14,2026-06-14,89,Japan,Daichi Kamada,Koki Ogawa,Netherlands,Japan,manual_curated
SWEDEN_TUNISIA_2026_06_14,2026-06-14,7,Sweden,Yasin Ayari,,Sweden,Tunisia,manual_curated
SWEDEN_TUNISIA_2026_06_14,2026-06-14,30,Sweden,Alexander Isak,Viktor Gyokeres,Sweden,Tunisia,manual_curated
SWEDEN_TUNISIA_2026_06_14,2026-06-14,43,Tunisia,Omar Rekik,,Sweden,Tunisia,manual_curated
SWEDEN_TUNISIA_2026_06_14,2026-06-14,59,Sweden,Viktor Gyokeres,Alexander Isak,Sweden,Tunisia,manual_curated
SWEDEN_TUNISIA_2026_06_14,2026-06-14,84,Sweden,Mattias Svanberg,Alexander Isak,Sweden,Tunisia,manual_curated
SWEDEN_TUNISIA_2026_06_14,2026-06-14,90+6,Sweden,Yasin Ayari,Lucas Bergvall,Sweden,Tunisia,manual_curated
BELGIUM_EGYPT_2026_06_15,2026-06-15,20,Egypt,Emam Ashour,Mohamed Salah,Belgium,Egypt,manual_curated
BELGIUM_EGYPT_2026_06_15,2026-06-15,66,Belgium,Mohamed Hany (Own Goal),,Belgium,Egypt,manual_curated
SAUDI_ARABIA_URUGUAY_2026_06_15,2026-06-15,41,Saudi Arabia,Abdulelah Al-Amri,,Saudi Arabia,Uruguay,manual_curated
SAUDI_ARABIA_URUGUAY_2026_06_15,2026-06-15,80,Uruguay,Maximiliano Araujo,,Saudi Arabia,Uruguay,manual_curated
IRAN_NEW_ZEALAND_2026_06_15,2026-06-15,7,New Zealand,Elijah Just,Chris Wood,Iran,New Zealand,manual_curated
IRAN_NEW_ZEALAND_2026_06_15,2026-06-15,32,Iran,Ramin Rezaeian,,Iran,New Zealand,manual_curated
IRAN_NEW_ZEALAND_2026_06_15,2026-06-15,54,New Zealand,Elijah Just,Chris Wood,Iran,New Zealand,manual_curated
IRAN_NEW_ZEALAND_2026_06_15,2026-06-15,64,Iran,Mohammad Mohebi,Ramin Rezaeian,Iran,New Zealand,manual_curated
FRANCE_SENEGAL_2026_06_16,2026-06-16,66,France,Kylian Mbappe,Michael Olise,France,Senegal,manual_curated
FRANCE_SENEGAL_2026_06_16,2026-06-16,82,France,Bradley Barcola,Adrien Rabiot,France,Senegal,manual_curated
FRANCE_SENEGAL_2026_06_16,2026-06-16,90+5,Senegal,Ibrahim Mbaye,Iliman Ndiaye,France,Senegal,manual_curated
FRANCE_SENEGAL_2026_06_16,2026-06-16,90+6,France,Kylian Mbappe,,France,Senegal,manual_curated
IRAQ_NORWAY_2026_06_16,2026-06-16,29,Norway,Erling Haaland,David Moller Wolfe,Iraq,Norway,manual_curated
IRAQ_NORWAY_2026_06_16,2026-06-16,39,Iraq,Aymen Hussein,Amir Al-Ammari,Iraq,Norway,manual_curated
IRAQ_NORWAY_2026_06_16,2026-06-16,43,Norway,Erling Haaland,,Iraq,Norway,manual_curated
IRAQ_NORWAY_2026_06_16,2026-06-16,76,Norway,Leo Ostigard,Martin Odegaard,Iraq,Norway,manual_curated
IRAQ_NORWAY_2026_06_16,2026-06-16,90+6,Norway,Aymen Hussein (Own Goal),,Iraq,Norway,manual_curated
ARGENTINA_ALGERIA_2026_06_16,2026-06-16,17,Argentina,Lionel Messi,Rodrigo De Paul,Argentina,Algeria,manual_curated
ARGENTINA_ALGERIA_2026_06_16,2026-06-16,60,Argentina,Lionel Messi,,Argentina,Algeria,manual_curated
ARGENTINA_ALGERIA_2026_06_16,2026-06-16,76,Argentina,Lionel Messi,Nicolas Gonzalez,Argentina,Algeria,manual_curated
AUSTRIA_JORDAN_2026_06_16,2026-06-16,21,Austria,Romano Schmid,Xaver Schlager,Austria,Jordan,manual_curated
AUSTRIA_JORDAN_2026_06_16,2026-06-16,50,Jordan,Ali Olwan,Noor Al-Rawabdeh,Austria,Jordan,manual_curated
AUSTRIA_JORDAN_2026_06_16,2026-06-16,76,Austria,Yazan Al-Arab (Own Goal),,Austria,Jordan,manual_curated
AUSTRIA_JORDAN_2026_06_16,2026-06-16,90+12,Austria,Marko Arnautovic,Penalty,Austria,Jordan,manual_curated
PORTUGAL_DR_CONGO_2026_06_17,2026-06-17,6,Portugal,Joao Neves,Pedro Neto,Portugal,DR Congo,manual_curated
PORTUGAL_DR_CONGO_2026_06_17,2026-06-17,45+5,DR Congo,Yoane Wissa,Arthur Masuaku,Portugal,DR Congo,manual_curated
